Model,ROUGE-1,BLEU,Inference Time (s),Model Size (MB),TOPSIS Score,Rank
BART,0.75,0.68,1.2,1200,0.5201370480985604,3.0
T5,0.78,0.72,1.5,850,0.8189796331190519,1.0
Pegasus,0.73,0.67,1.1,1300,0.36070699397102,4.0
GPT-3,0.76,0.71,1.3,1400,0.6864840845635379,2.0
XLNet,0.72,0.65,1.8,1000,0.11884824668291286,5.0
